Image count,UUID,Image name
1,804f22de-8a90-52af-8baf-cda2cd66385f,/example_images/labrador-pup.jpg
2,67b83445-2622-50a3-be3b-f7030259576e,/example_images/baby-red-fox.jpg
3,4b5d738e-9c8a-5097-96e7-3c78a00e0f31,/example_images/panda-cub.jpg
4,30d686e0-7da2-5057-9e3b-2e03844811eb,/example_images/cheetah-baby.jpg
5,cbe2a668-d416-54fe-a3f3-1c51de7ac199,/example_images/golden-pup.jpg
6,315cb62d-1877-5d21-a138-b282b9e25df4,/example_images/german-shep-pup.jpg
7,91ff130e-feb8-5e86-b939-78e789561ae6,/example_images/APL_Keyset_800x290.jpg
1,804f22de-8a90-52af-8baf-cda2cd66385f,/example_images/labrador-pup.jpg
2,67b83445-2622-50a3-be3b-f7030259576e,/example_images/baby-red-fox.jpg
3,4b5d738e-9c8a-5097-96e7-3c78a00e0f31,/example_images/panda-cub.jpg
4,30d686e0-7da2-5057-9e3b-2e03844811eb,/example_images/cheetah-baby.jpg
5,cbe2a668-d416-54fe-a3f3-1c51de7ac199,/example_images/golden-pup.jpg
6,315cb62d-1877-5d21-a138-b282b9e25df4,/example_images/german-shep-pup.jpg
7,91ff130e-feb8-5e86-b939-78e789561ae6,/example_images/APL_Keyset_800x290.jpg
1,804f22de-8a90-52af-8baf-cda2cd66385f,/example_images/labrador-pup.jpg
2,67b83445-2622-50a3-be3b-f7030259576e,/example_images/baby-red-fox.jpg
3,4b5d738e-9c8a-5097-96e7-3c78a00e0f31,/example_images/panda-cub.jpg
4,30d686e0-7da2-5057-9e3b-2e03844811eb,/example_images/cheetah-baby.jpg
5,cbe2a668-d416-54fe-a3f3-1c51de7ac199,/example_images/golden-pup.jpg
6,315cb62d-1877-5d21-a138-b282b9e25df4,/example_images/german-shep-pup.jpg
7,91ff130e-feb8-5e86-b939-78e789561ae6,/example_images/APL_Keyset_800x290.jpg
1,804f22de-8a90-52af-8baf-cda2cd66385f,/example_images/labrador-pup.jpg
2,67b83445-2622-50a3-be3b-f7030259576e,/example_images/baby-red-fox.jpg
3,4b5d738e-9c8a-5097-96e7-3c78a00e0f31,/example_images/panda-cub.jpg
4,30d686e0-7da2-5057-9e3b-2e03844811eb,/example_images/cheetah-baby.jpg
5,cbe2a668-d416-54fe-a3f3-1c51de7ac199,/example_images/golden-pup.jpg
6,315cb62d-1877-5d21-a138-b282b9e25df4,/example_images/german-shep-pup.jpg
7,91ff130e-feb8-5e86-b939-78e789561ae6,/example_images/APL_Keyset_800x290.jpg
